ablation,dropped_features,kept_features,prauc,auc,top3_rows,precision_at_top3,top3_avg_future_return_1m,top3_avg_future_return_2m,top3_avg_future_return_3m,top3_avg_future_max_return_1_3m,top3_hit30_rate,top3_hit40_rate,top3_hit50_rate,top3_hit100_rate,monthly_any_top3_hit30_rate,monthly_any_top3_hit50_rate,monthly_any_top3_hit100_rate,top5_rows,precision_at_top5,top5_avg_future_return_1m,top5_avg_future_return_2m,top5_avg_future_return_3m,top5_avg_future_max_return_1_3m,top5_hit30_rate,top5_hit40_rate,top5_hit50_rate,top5_hit100_rate,monthly_any_top5_hit30_rate,monthly_any_top5_hit50_rate,monthly_any_top5_hit100_rate,top10_rows,precision_at_top10,top10_avg_future_return_1m,top10_avg_future_return_2m,top10_avg_future_return_3m,top10_avg_future_max_return_1_3m,top10_hit30_rate,top10_hit40_rate,top10_hit50_rate,top10_hit100_rate,monthly_any_top10_hit30_rate,monthly_any_top10_hit50_rate,monthly_any_top10_hit100_rate,delta_top3_future_max_vs_main
drop_liquidity_size,11,99,0.2258024486165215,0.812448871054951,93,0.26881720430107525,0.03724699419618271,0.07289696133632767,0.14031367362036715,0.24331890952759913,0.2903225806451613,0.26881720430107525,0.21505376344086022,0.08602150537634409,0.5483870967741935,0.45161290322580644,0.1935483870967742,155,0.3096774193548387,0.06430893019129931,0.1084110633705418,0.15304426819290748,0.273789884558653,0.3225806451612903,0.2838709677419355,0.21935483870967742,0.08387096774193549,0.7741935483870968,0.6451612903225806,0.3548387096774194,310,0.3161290322580645,0.059291353680715204,0.10948623326620918,0.16533823898824834,0.274448369983136,0.3225806451612903,0.267741935483871,0.2032258064516129,0.08709677419354839,0.8709677419354839,0.6451612903225806,0.4838709677419355,-0.04969980908385083
drop_volatility_frequency,11,99,0.2124776495246267,0.814185157521215,93,0.3225806451612903,0.05074529532538136,0.1134612984570156,0.15157817314282607,0.25867547944256697,0.34408602150537637,0.26881720430107525,0.23655913978494625,0.0967741935483871,0.6451612903225806,0.4838709677419355,0.25806451612903225,155,0.33548387096774196,0.06501797282280278,0.13291824681438738,0.18391847887345286,0.30018063855990945,0.34838709677419355,0.2838709677419355,0.24516129032258063,0.0967741935483871,0.7741935483870968,0.6129032258064516,0.3870967741935484,310,0.2967741935483871,0.051774290051860926,0.10401468339103721,0.1443221807025436,0.25494835130477544,0.3096774193548387,0.23870967741935484,0.1935483870967742,0.07096774193548387,0.8064516129032258,0.6451612903225806,0.41935483870967744,-0.03434323916888299
drop_etf_source,6,104,0.2094599357690022,0.8118148747749165,93,0.3548387096774194,0.0639499141005688,0.13903518844122603,0.1736986338547574,0.27151824673527547,0.3548387096774194,0.3010752688172043,0.27956989247311825,0.07526881720430108,0.6129032258064516,0.5483870967741935,0.1935483870967742,155,0.33548387096774196,0.0659721271936184,0.13647878244360462,0.1753382851878589,0.2787152590328016,0.3419354838709677,0.2838709677419355,0.25161290322580643,0.07741935483870968,0.7096774193548387,0.6451612903225806,0.25806451612903225,310,0.33225806451612905,0.06626270405710737,0.12770881418980812,0.1863650136560378,0.2874886171973131,0.3419354838709677,0.267741935483871,0.2161290322580645,0.08387096774193549,0.8709677419354839,0.7096774193548387,0.4838709677419355,-0.021500471876174487
drop_relative_strength,4,106,0.22021610834288102,0.8125764724370989,93,0.3118279569892473,0.05474540826362419,0.1436638637724829,0.1751752145927799,0.2874409383011937,0.3225806451612903,0.2903225806451613,0.23655913978494625,0.10752688172043011,0.6129032258064516,0.45161290322580644,0.25806451612903225,155,0.32903225806451614,0.06581109980885591,0.1302755813354414,0.17711146886626256,0.2948515449927937,0.3419354838709677,0.2838709677419355,0.23225806451612904,0.0967741935483871,0.7741935483870968,0.6129032258064516,0.3870967741935484,310,0.32903225806451614,0.057094762098488704,0.11067067624765606,0.16879533295386165,0.27088836769546876,0.3387096774193548,0.26129032258064516,0.2032258064516129,0.07419354838709677,0.8387096774193549,0.6774193548387096,0.41935483870967744,-0.005577780310256242
drop_other_momentum,13,97,0.2077959687481945,0.8094543019766393,93,0.2903225806451613,0.05826614048499556,0.1284568435061711,0.18236188125603828,0.29223502507765475,0.3010752688172043,0.26881720430107525,0.24731182795698925,0.10752688172043011,0.5806451612903226,0.4838709677419355,0.22580645161290322,155,0.3225806451612903,0.05604962668302738,0.11388518945148218,0.17008588695968252,0.29168819999149503,0.32903225806451614,0.25806451612903225,0.2129032258064516,0.0967741935483871,0.7419354838709677,0.5806451612903226,0.3225806451612903,310,0.3161290322580645,0.04440472435862804,0.10525332014008101,0.15807221083091028,0.25883782910014547,0.3225806451612903,0.24516129032258063,0.2032258064516129,0.08064516129032258,0.8709677419354839,0.7096774193548387,0.41935483870967744,-0.0007836935337952045
drop_risk_drawdown,19,91,0.2202562509789235,0.8136434057473815,93,0.3333333333333333,0.059677002597765615,0.1412944566984718,0.2335412595996157,0.33044024439633046,0.3333333333333333,0.3010752688172043,0.26881720430107525,0.11827956989247312,0.5483870967741935,0.5161290322580645,0.2903225806451613,155,0.3419354838709677,0.05705997542416707,0.1253471592083584,0.1996079251313629,0.2970941854873169,0.3419354838709677,0.2903225806451613,0.24516129032258063,0.0967741935483871,0.7096774193548387,0.5806451612903226,0.3548387096774194,310,0.33225806451612905,0.06423104040378086,0.11472024871384169,0.1810696926919795,0.2792763887201853,0.33548387096774196,0.27741935483870966,0.2161290322580645,0.08387096774193549,0.8709677419354839,0.6451612903225806,0.4838709677419355,0.037421525784880505
drop_volume_flow,9,101,0.2269438220004984,0.8177431674420378,93,0.3655913978494624,0.08347827313021465,0.17199731867629026,0.2305653611676497,0.3355213920386468,0.3655913978494624,0.3548387096774194,0.3118279569892473,0.13978494623655913,0.6129032258064516,0.5806451612903226,0.3225806451612903,155,0.38064516129032255,0.07499246028244322,0.14900273592983942,0.19881762448971468,0.3156542877507109,0.38064516129032255,0.33548387096774196,0.2838709677419355,0.12903225806451613,0.7741935483870968,0.6451612903225806,0.41935483870967744,310,0.35161290322580646,0.06057759688007347,0.1299428141424182,0.21090110204571708,0.31140928687605335,0.3580645161290323,0.29354838709677417,0.23225806451612904,0.1032258064516129,0.8709677419354839,0.6451612903225806,0.4838709677419355,0.042502673427196824
drop_trend,12,98,0.20746930869676247,0.8124130920073512,93,0.3548387096774194,0.06572159947047528,0.1545462694199717,0.2368700720321834,0.3359252712849228,0.3655913978494624,0.3118279569892473,0.25806451612903225,0.10752688172043011,0.6129032258064516,0.5161290322580645,0.2903225806451613,155,0.34838709677419355,0.07076953810982269,0.1417021488187629,0.2042060053750514,0.3172097829547988,0.3548387096774194,0.2838709677419355,0.23225806451612904,0.10967741935483871,0.7419354838709677,0.5806451612903226,0.3870967741935484,310,0.3064516129032258,0.05567211430642764,0.10548494221657095,0.1645819722965369,0.26644442566111126,0.3193548387096774,0.25161290322580643,0.2,0.08064516129032258,0.8387096774193549,0.7096774193548387,0.4838709677419355,0.04290655267347282
drop_core_momentum,14,96,0.23323012108964677,0.8185973790106176,93,0.3333333333333333,0.08435899448479556,0.16969002634676408,0.20116308142151207,0.34541785770528805,0.3548387096774194,0.2903225806451613,0.25806451612903225,0.10752688172043011,0.6451612903225806,0.5483870967741935,0.2903225806451613,155,0.33548387096774196,0.06712956453082633,0.13814143232666698,0.18775001030384614,0.31803149867907066,0.34838709677419355,0.2838709677419355,0.23870967741935484,0.0967741935483871,0.7741935483870968,0.6129032258064516,0.3870967741935484,310,0.33548387096774196,0.0571718084918877,0.12194035661667914,0.1850177685862185,0.29056159739465914,0.3419354838709677,0.27419354838709675,0.2161290322580645,0.08709677419354839,0.8387096774193549,0.6129032258064516,0.45161290322580644,0.05239913909383809
drop_qqq_context,4,106,0.22080354469353058,0.8136652531304293,93,0.3763440860215054,0.08594730529004894,0.16243306499359464,0.22549960945675565,0.3489161302519874,0.3870967741935484,0.3548387096774194,0.27956989247311825,0.11827956989247312,0.7096774193548387,0.6129032258064516,0.2903225806451613,155,0.3419354838709677,0.07733112691180728,0.12960906860918842,0.18154746529203336,0.30707951562405406,0.34838709677419355,0.2838709677419355,0.23225806451612904,0.0967741935483871,0.8064516129032258,0.6129032258064516,0.3548387096774194,310,0.31290322580645163,0.0647469779450302,0.11660502913365044,0.16709071076861598,0.27117333291763107,0.3193548387096774,0.25161290322580643,0.2,0.08709677419354839,0.8064516129032258,0.6451612903225806,0.4838709677419355,0.055897411640537464
