feature,feature_group,missing_count,missing_rate,non_null_rows,non_null_rate,first_valid_month,last_valid_month,dropped,drop_reason
up_day_volume_ratio_3m,volume_flow,492,0.00868276154171961,56172,0.9913172384582803,2016-01-31,2026-09-30,False,
up_day_dollar_volume_ratio_3m,volume_flow,492,0.00868276154171961,56172,0.9913172384582803,2016-01-31,2026-09-30,False,
rel_mom_12m_vs_qqq,relative_strength,362,0.00638853593110264,56302,0.9936114640688973,2016-01-31,2026-09-30,False,
mom_12m,other_momentum,362,0.00638853593110264,56302,0.9936114640688973,2016-01-31,2026-09-30,False,
mom_9m,other_momentum,265,0.004676690667796132,56399,0.9953233093322039,2016-01-31,2026-09-30,False,
volume_change_3m,volume_flow,227,0.004006070873923478,56437,0.9959939291260765,2016-01-31,2026-09-30,False,
dollar_volume_change_3m,volume_flow,227,0.004006070873923478,56437,0.9959939291260765,2016-01-31,2026-09-30,False,
mom_7m,other_momentum,203,0.0035825215304249613,56461,0.9964174784695751,2016-01-31,2026-09-30,False,
mom_6m,core_momentum,172,0.003035436961739376,56492,0.9969645630382606,2016-01-31,2026-09-30,False,
mom_4m_vs_6m,core_momentum,172,0.003035436961739376,56492,0.9969645630382606,2016-01-31,2026-09-30,False,
mom_5m_vs_6m,core_momentum,172,0.003035436961739376,56492,0.9969645630382606,2016-01-31,2026-09-30,False,
mom_6m_first3m,core_momentum,172,0.003035436961739376,56492,0.9969645630382606,2016-01-31,2026-09-30,False,
mom_6m_acceleration,core_momentum,172,0.003035436961739376,56492,0.9969645630382606,2016-01-31,2026-09-30,False,
ret_lag_6m,sequence_path,172,0.003035436961739376,56492,0.9969645630382606,2016-01-31,2026-09-30,False,
rel_mom_6m_vs_qqq,relative_strength,172,0.003035436961739376,56492,0.9969645630382606,2016-01-31,2026-09-30,False,
mom_3m_vs_6m,other_momentum,172,0.003035436961739376,56492,0.9969645630382606,2016-01-31,2026-09-30,False,
return_vol_ratio_6m,risk_drawdown,172,0.003035436961739376,56492,0.9969645630382606,2016-01-31,2026-09-30,False,
drawdown_12m,risk_drawdown,171,0.0030177890724269376,56493,0.9969822109275731,2016-01-31,2026-09-30,False,
drawdown_12m_abs,risk_drawdown,171,0.0030177890724269376,56493,0.9969822109275731,2016-01-31,2026-09-30,False,
volume_change_1m,volume_flow,164,0.00289425384723987,56500,0.9971057461527602,2016-01-31,2026-09-30,False,
dollar_volume_change_1m,volume_flow,164,0.00289425384723987,56500,0.9971057461527602,2016-01-31,2026-09-30,False,
ma100_slope_1m,trend,163,0.0028766059579274318,56501,0.9971233940420726,2016-01-31,2026-09-30,False,
volume_ma3_to_12m,volume_flow,149,0.002629535507553297,56515,0.9973704644924467,2016-01-31,2026-09-30,False,
mom_5m,core_momentum,144,0.0025412960609911056,56520,0.9974587039390089,2016-01-31,2026-09-30,False,
core_mom_456_std,core_momentum,144,0.0025412960609911056,56520,0.9974587039390089,2016-01-31,2026-09-30,False,
ret_lag_5m,sequence_path,144,0.0025412960609911056,56520,0.9974587039390089,2016-01-31,2026-09-30,False,
price_ma100_ratio,trend,137,0.0024177608358040377,56527,0.997582239164196,2016-01-31,2026-09-30,False,
drawdown_change_3m,drawdown_recovery,128,0.002258929831992094,56536,0.997741070168008,2016-01-31,2026-09-30,False,
mom_4m,core_momentum,115,0.002029507270930397,56549,0.9979704927290696,2016-01-31,2026-09-30,False,
core_mom_456_avg,core_momentum,115,0.002029507270930397,56549,0.9979704927290696,2016-01-31,2026-09-30,False,
core_mom_456_min,core_momentum,115,0.002029507270930397,56549,0.9979704927290696,2016-01-31,2026-09-30,False,
core_mom_456_max,core_momentum,115,0.002029507270930397,56549,0.9979704927290696,2016-01-31,2026-09-30,False,
ret_lag_4m,sequence_path,115,0.002029507270930397,56549,0.9979704927290696,2016-01-31,2026-09-30,False,
ma50_slope_1m,trend,94,0.0016589015953691938,56570,0.9983410984046308,2016-01-31,2026-09-30,False,
volume_ratio_3m,volume_flow,88,0.0015530142594945644,56576,0.9984469857405054,2016-01-31,2026-09-30,False,
mom_6m_last3m,core_momentum,85,0.0015000705915572498,56579,0.9984999294084428,2016-01-31,2026-09-30,False,
ret_lag_3m,sequence_path,85,0.0015000705915572498,56579,0.9984999294084428,2016-01-31,2026-09-30,False,
rel_mom_3m_vs_qqq,relative_strength,85,0.0015000705915572498,56579,0.9984999294084428,2016-01-31,2026-09-30,False,
mom_3m,other_momentum,85,0.0015000705915572498,56579,0.9984999294084428,2016-01-31,2026-09-30,False,
volatility_6m,risk_drawdown,85,0.0015000705915572498,56579,0.9984999294084428,2016-01-31,2026-09-30,False,
return_vol_ratio_3m,risk_drawdown,85,0.0015000705915572498,56579,0.9984999294084428,2016-01-31,2026-09-30,False,
volatility_1m_to_6m,vol_structure,85,0.0015000705915572498,56579,0.9984999294084428,2016-01-31,2026-09-30,False,
volatility_3m_to_6m,vol_structure,85,0.0015000705915572498,56579,0.9984999294084428,2016-01-31,2026-09-30,False,
avg_abs_daily_return_6m,volatility_amplitude_frequency,85,0.0015000705915572498,56579,0.9984999294084428,2016-01-31,2026-09-30,False,
drawdown_6m,risk_drawdown,84,0.0014824227022448115,56580,0.9985175772977551,2016-01-31,2026-09-30,False,
drawdown_6m_abs,risk_drawdown,84,0.0014824227022448115,56580,0.9985175772977551,2016-01-31,2026-09-30,False,
recovery_from_6m_low,drawdown_recovery,84,0.0014824227022448115,56580,0.9985175772977551,2016-01-31,2026-09-30,False,
avg_dollar_volume_6m,liquidity_size_proxy,84,0.0014824227022448115,56580,0.9985175772977551,2016-01-31,2026-09-30,False,
dollar_volume_3m_to_6m,liquidity_size_proxy,84,0.0014824227022448115,56580,0.9985175772977551,2016-01-31,2026-09-30,False,
large_move_freq_6m,volatility_amplitude_frequency,84,0.0014824227022448115,56580,0.9985175772977551,2016-01-31,2026-09-30,False,
up_big_move_freq_6m,volatility_amplitude_frequency,84,0.0014824227022448115,56580,0.9985175772977551,2016-01-31,2026-09-30,False,
down_big_move_freq_6m,volatility_amplitude_frequency,84,0.0014824227022448115,56580,0.9985175772977551,2016-01-31,2026-09-30,False,
intraday_range_mean_6m,volatility_amplitude_frequency,84,0.0014824227022448115,56580,0.9985175772977551,2016-01-31,2026-09-30,False,
volume_ma1_to_6m,volume_flow,79,0.0013941832556826203,56585,0.9986058167443174,2016-01-31,2026-09-30,False,
ma30_slope_1m,trend,68,0.0012000564732457999,56596,0.9987999435267542,2016-01-31,2026-09-30,False,
drawdown_change_1m,drawdown_recovery,68,0.0012000564732457999,56596,0.9987999435267542,2016-01-31,2026-09-30,False,
price_ma50_ratio,trend,63,0.0011118170266836086,56601,0.9988881829733164,2016-01-31,2026-09-30,False,
atr_14_to_100d,vol_structure,63,0.0011118170266836086,56601,0.9988881829733164,2016-01-31,2026-09-30,False,
ret_lag_2m,sequence_path,56,0.000988281801496541,56608,0.9990117181985034,2016-01-31,2026-09-30,False,
ret_lag_6m_std,sequence_path,56,0.000988281801496541,56608,0.9990117181985034,2016-01-31,2026-09-30,False,
mom_2m,other_momentum,56,0.000988281801496541,56608,0.9990117181985034,2016-01-31,2026-09-30,False,
ma20_slope_1m,trend,52,0.0009176902442467881,56612,0.9990823097557532,2016-01-31,2026-09-30,False,
volatility_3m,risk_drawdown,40,0.0007059155724975293,56624,0.9992940844275024,2016-01-31,2026-09-30,False,
volatility_1m_to_3m,vol_structure,40,0.0007059155724975293,56624,0.9992940844275024,2016-01-31,2026-09-30,False,
avg_abs_daily_return_3m,volatility_amplitude_frequency,40,0.0007059155724975293,56624,0.9992940844275024,2016-01-31,2026-09-30,False,
ma10_slope_1m,trend,39,0.0006882676831850911,56625,0.9993117323168149,2016-01-31,2026-09-30,False,
drawdown_3m,risk_drawdown,39,0.0006882676831850911,56625,0.9993117323168149,2016-01-31,2026-09-30,False,
drawdown_3m_abs,risk_drawdown,39,0.0006882676831850911,56625,0.9993117323168149,2016-01-31,2026-09-30,False,
recovery_from_3m_low,drawdown_recovery,39,0.0006882676831850911,56625,0.9993117323168149,2016-01-31,2026-09-30,False,
days_since_3m_high_norm,drawdown_recovery,39,0.0006882676831850911,56625,0.9993117323168149,2016-01-31,2026-09-30,False,
days_since_3m_low_norm,drawdown_recovery,39,0.0006882676831850911,56625,0.9993117323168149,2016-01-31,2026-09-30,False,
avg_dollar_volume_3m,liquidity_size_proxy,39,0.0006882676831850911,56625,0.9993117323168149,2016-01-31,2026-09-30,False,
log_avg_dollar_volume_3m,liquidity_size_proxy,39,0.0006882676831850911,56625,0.9993117323168149,2016-01-31,2026-09-30,False,
large_move_freq_3m,volatility_amplitude_frequency,39,0.0006882676831850911,56625,0.9993117323168149,2016-01-31,2026-09-30,False,
up_big_move_freq_3m,volatility_amplitude_frequency,39,0.0006882676831850911,56625,0.9993117323168149,2016-01-31,2026-09-30,False,
down_big_move_freq_3m,volatility_amplitude_frequency,39,0.0006882676831850911,56625,0.9993117323168149,2016-01-31,2026-09-30,False,
intraday_range_mean_3m,volatility_amplitude_frequency,39,0.0006882676831850911,56625,0.9993117323168149,2016-01-31,2026-09-30,False,
price_ma30_ratio,trend,37,0.0006529719045602146,56627,0.9993470280954397,2016-01-31,2026-09-30,False,
ma5_slope_1m,trend,33,0.0005823803473104617,56631,0.9994176196526895,2016-01-31,2026-09-30,False,
return_vol_ratio_1m,risk_drawdown,33,0.0005823803473104617,56631,0.9994176196526895,2016-01-31,2026-09-30,False,
ret_lag_1m,sequence_path,28,0.0004941409007482705,56636,0.9995058590992517,2016-01-31,2026-09-30,False,
positive_month_ratio_6m,sequence_path,28,0.0004941409007482705,56636,0.9995058590992517,2016-01-31,2026-09-30,False,
ret_lag_6m_mean,sequence_path,28,0.0004941409007482705,56636,0.9995058590992517,2016-01-31,2026-09-30,False,
ret_lag_6m_min,sequence_path,28,0.0004941409007482705,56636,0.9995058590992517,2016-01-31,2026-09-30,False,
ret_lag_6m_max,sequence_path,28,0.0004941409007482705,56636,0.9995058590992517,2016-01-31,2026-09-30,False,
rel_mom_1m_vs_qqq,relative_strength,28,0.0004941409007482705,56636,0.9995058590992517,2016-01-31,2026-09-30,False,
mom_1m,other_momentum,28,0.0004941409007482705,56636,0.9995058590992517,2016-01-31,2026-09-30,False,
price_ma20_ratio,trend,25,0.0004411972328109558,56639,0.999558802767189,2016-01-31,2026-09-30,False,
volatility_1m,risk_drawdown,19,0.0003353098969363264,56645,0.9996646901030637,2016-01-31,2026-09-30,False,
avg_abs_daily_return_1m,volatility_amplitude_frequency,19,0.0003353098969363264,56645,0.9996646901030637,2016-01-31,2026-09-30,False,
drawdown_1m,risk_drawdown,18,0.0003176620076238882,56646,0.9996823379923762,2016-01-31,2026-09-30,False,
drawdown_1m_abs,risk_drawdown,18,0.0003176620076238882,56646,0.9996823379923762,2016-01-31,2026-09-30,False,
recovery_from_1m_low,drawdown_recovery,18,0.0003176620076238882,56646,0.9996823379923762,2016-01-31,2026-09-30,False,
avg_dollar_volume_1m,liquidity_size_proxy,18,0.0003176620076238882,56646,0.9996823379923762,2016-01-31,2026-09-30,False,
price_ma10_ratio,trend,11,0.00019412678243682055,56653,0.9998058732175632,2016-01-31,2026-09-30,False,
atr_14_to_price,vol_structure,11,0.00019412678243682055,56653,0.9998058732175632,2016-01-31,2026-09-30,False,
price_ma5_ratio,trend,3,5.2943667937314695e-05,56661,0.9999470563320627,2016-01-31,2026-09-30,False,
qqq_mom_1m,qqq_context,0,0.0,56664,1.0,2016-01-31,2026-09-30,False,
qqq_mom_3m,qqq_context,0,0.0,56664,1.0,2016-01-31,2026-09-30,False,
qqq_mom_6m,qqq_context,0,0.0,56664,1.0,2016-01-31,2026-09-30,False,
qqq_mom_12m,qqq_context,0,0.0,56664,1.0,2016-01-31,2026-09-30,False,
source_count,etf_source,0,0.0,56664,1.0,2016-01-31,2026-09-30,False,
source_weight_sum,etf_source,0,0.0,56664,1.0,2016-01-31,2026-09-30,False,
theme_count,etf_source,0,0.0,56664,1.0,2016-01-31,2026-09-30,False,
in_large_cap_core,etf_source,0,0.0,56664,1.0,2016-01-31,2026-09-30,False,
in_manual_core,etf_source,0,0.0,56664,1.0,2016-01-31,2026-09-30,False,
trading_day_count_3m,liquidity_size_proxy,0,0.0,56664,1.0,2016-01-31,2026-09-30,False,
trading_day_count_6m,liquidity_size_proxy,0,0.0,56664,1.0,2016-01-31,2026-09-30,False,
liquid_vol_score,volatility_amplitude_frequency,0,0.0,56664,1.0,2016-01-31,2026-09-30,False,
