index,feature,tier,feature_group,feature_weight,mean,std,min,max
1,intraday_range_mean_3m,tier_3_standard,volatility_frequency,1.0,0.09425515,0.0037715286,0.090668194,0.099733725
2,volatility_6m,tier_4_downweighted_context,risk_drawdown,0.75,0.07720355,0.0028851859,0.07324593,0.08117594
3,intraday_range_mean_6m,tier_3_standard,volatility_frequency,1.0,0.04421671,0.0027583495,0.04184315,0.048309658
4,in_manual_core,tier_4_downweighted_context,etf_source,0.65,0.021868499,0.0007190862,0.021167258,0.022882588
5,atr_14_to_price,tier_3_standard,unclassified,1.0,0.019739915,0.0005467112,0.019080315,0.020280499
6,source_count,tier_4_downweighted_context,etf_source,0.65,0.015774693,0.0008424159,0.014814968,0.016575199
7,theme_count,tier_4_downweighted_context,etf_source,0.65,0.015199935,0.002048667,0.012912091,0.017531632
8,volatility_3m,tier_4_downweighted_context,risk_drawdown,0.75,0.014912158,0.0005215607,0.014408665,0.015662158
9,avg_abs_daily_return_6m,tier_3_standard,volatility_frequency,1.0,0.0142681375,0.003692211,0.010336358,0.01850592
10,liquid_vol_score,tier_4_downweighted_context,liquidity_size,0.95,0.011981182,0.00025682428,0.011682647,0.012323459
11,in_large_cap_core,tier_4_downweighted_context,etf_source,0.65,0.011590767,0.0017347289,0.008781758,0.012981253
12,large_move_freq_6m,tier_3_standard,volatility_frequency,1.0,0.010778534,0.0005838952,0.010215881,0.011644073
13,source_weight_sum,tier_4_downweighted_context,etf_source,0.65,0.010766419,0.0008677499,0.009941369,0.012019241
14,qqq_mom_6m,tier_1_core_tail,core_momentum,5.0,0.0107594775,0.0001326025,0.010643542,0.010940546
15,qqq_mom_1m,tier_4_downweighted_context,other_momentum,0.9,0.010643931,0.00026712366,0.010331237,0.011016897
16,ma100_slope_1m,tier_4_downweighted_context,trend,0.8,0.009869143,0.0004728338,0.009152953,0.01031893
17,avg_dollar_volume_3m,tier_4_downweighted_context,liquidity_size,0.95,0.009747615,0.00031162862,0.009229915,0.010030368
18,log_avg_dollar_volume_3m,tier_4_downweighted_context,liquidity_size,0.95,0.00924814,0.0006005774,0.008238931,0.009745783
19,avg_dollar_volume_6m,tier_4_downweighted_context,liquidity_size,0.95,0.008990681,0.0003486565,0.008696382,0.009571722
20,drawdown_12m_abs,tier_4_downweighted_context,risk_drawdown,0.75,0.0088508185,0.00014427351,0.008662635,0.008990598
21,volatility_3m_to_6m,tier_4_downweighted_context,risk_drawdown,0.75,0.008787477,0.00017567156,0.008537517,0.008957628
22,qqq_mom_3m,tier_4_downweighted_context,other_momentum,0.9,0.0086414125,0.00021951077,0.00835763,0.00893202
23,qqq_mom_12m,tier_4_downweighted_context,other_momentum,0.9,0.008578084,0.00039366249,0.00804579,0.008970044
24,avg_dollar_volume_1m,tier_4_downweighted_context,liquidity_size,0.95,0.008430902,0.00020004701,0.00823178,0.008735253
25,avg_abs_daily_return_3m,tier_3_standard,volatility_frequency,1.0,0.00835867,0.0016262176,0.0068840445,0.010845463
26,drawdown_3m_abs,tier_4_downweighted_context,risk_drawdown,0.75,0.0082880035,0.0003625218,0.0076553337,0.008575651
27,rel_mom_6m_vs_qqq,tier_1_core_tail,core_momentum,5.0,0.008074937,0.00018803326,0.007868809,0.008347494
28,in_core_growth,tier_4_downweighted_context,etf_source,0.65,0.007938152,0.0009680944,0.006993141,0.0095162755
29,drawdown_12m,tier_4_downweighted_context,risk_drawdown,0.75,0.007930577,0.00022505422,0.0075680455,0.0081592705
30,mom_6m_first3m,tier_1_core_tail,core_momentum,8.0,0.007874311,0.0003245258,0.0075435103,0.008290875
31,mom_3m_vs_6m,tier_4_downweighted_context,other_momentum,0.9,0.0076244487,0.00063187524,0.006883757,0.0085371155
32,drawdown_6m_abs,tier_4_downweighted_context,risk_drawdown,0.75,0.0076063247,0.00038236,0.0072220913,0.008182067
33,drawdown_6m,tier_4_downweighted_context,risk_drawdown,0.75,0.007601085,0.0003164287,0.007220561,0.008018402
34,drawdown_3m,tier_4_downweighted_context,risk_drawdown,0.75,0.007573364,0.0004670492,0.007047613,0.008276336
35,mom_4m,tier_1_core_tail,core_momentum,10.0,0.0075603984,0.00017375837,0.007319454,0.0077867466
36,ret_lag_6m_std,tier_3_standard,unclassified,1.0,0.007504657,0.00029145158,0.0071036485,0.007915816
37,down_big_move_freq_6m,tier_3_standard,volatility_frequency,1.0,0.00727467,0.00044293437,0.0067116916,0.007707426
38,days_since_3m_low_norm,tier_3_standard,unclassified,1.0,0.007143074,0.00039865865,0.006564536,0.0074759074
39,mom_6m,tier_1_core_tail,core_momentum,15.0,0.007122928,0.00029160464,0.0067663295,0.007416441
40,mom_9m,tier_4_downweighted_context,other_momentum,0.9,0.006983953,0.00016912402,0.0067712516,0.0071684783
41,ret_lag_6m_max,tier_3_standard,unclassified,1.0,0.006971609,0.00015675658,0.006855537,0.0072267777
42,core_mom_456_min,tier_1_core_tail,core_momentum,10.0,0.006963217,0.00022071823,0.0066943723,0.007243403
43,mom_12m,tier_4_downweighted_context,other_momentum,0.9,0.0068361848,0.00017328608,0.0065618963,0.006986814
44,ret_lag_4m,tier_3_standard,unclassified,1.0,0.0067337393,0.00013868182,0.0066252463,0.0069146054
45,core_mom_456_max,tier_1_core_tail,core_momentum,10.0,0.006732325,0.00033001494,0.006425349,0.00710538
46,rel_mom_3m_vs_qqq,tier_4_downweighted_context,other_momentum,0.9,0.0067137918,0.00024319367,0.006501827,0.007133635
47,ma30_slope_1m,tier_4_downweighted_context,trend,0.8,0.0067084082,0.00015434466,0.0065224017,0.0069295983
48,ret_lag_6m_min,tier_3_standard,unclassified,1.0,0.006703059,0.00020699565,0.006448546,0.0069228485
49,mom_5m,tier_1_core_tail,core_momentum,15.0,0.0066804513,0.00028347241,0.0063067405,0.0070533142
50,volatility_1m,tier_4_downweighted_context,risk_drawdown,0.75,0.006617485,0.00011403763,0.006474024,0.006727426
51,price_ma5_ratio,tier_4_downweighted_context,trend,0.8,0.006609562,7.82384e-05,0.0065303533,0.0067188162
52,mom_7m,tier_4_downweighted_context,other_momentum,0.9,0.006593118,0.0003091751,0.0061951536,0.0069554546
53,core_mom_456_avg,tier_1_core_tail,core_momentum,20.0,0.0065705716,0.00022812674,0.0061764224,0.0067472025
54,atr_14_to_100d,tier_3_standard,unclassified,1.0,0.006502607,0.0001957579,0.0063243727,0.0068180943
55,dollar_volume_3m_to_6m,tier_4_downweighted_context,liquidity_size,0.95,0.0064355694,0.0001633073,0.006298923,0.0067140874
56,ret_lag_6m,tier_3_standard,unclassified,1.0,0.006424269,0.00025821847,0.006129355,0.006728777
57,ma50_slope_1m,tier_4_downweighted_context,trend,0.8,0.0063782125,0.00011526992,0.0062471284,0.0065006344
58,recovery_from_6m_low,tier_3_standard,unclassified,1.0,0.006373475,0.00024040774,0.00617604,0.0067595216
59,volatility_1m_to_6m,tier_4_downweighted_context,risk_drawdown,0.75,0.0063664964,0.00023745294,0.0060822647,0.006608414
60,recovery_from_3m_low,tier_3_standard,unclassified,1.0,0.006347659,0.00013348351,0.006158987,0.006528531
61,rel_mom_1m_vs_qqq,tier_4_downweighted_context,other_momentum,0.9,0.006327659,0.00022942343,0.0059569348,0.006518082
62,avg_abs_daily_return_1m,tier_3_standard,volatility_frequency,1.0,0.0063258396,0.00017694778,0.006042234,0.0064716735
63,price_ma30_ratio,tier_4_downweighted_context,trend,0.8,0.0062971725,0.00030635516,0.0060453615,0.0068101194
64,mom_6m_acceleration,tier_1_core_tail,core_momentum,8.0,0.0062949182,0.00014861244,0.0060616042,0.0064429883
65,ma20_slope_1m,tier_4_downweighted_context,trend,0.8,0.006278454,0.00027708244,0.0059230244,0.006643679
66,mom_5m_vs_6m,tier_1_core_tail,core_momentum,5.0,0.006275111,0.00018131515,0.006091468,0.0064988504
67,drawdown_change_3m,tier_4_downweighted_context,risk_drawdown,0.75,0.0062626423,8.6155815e-05,0.006133972,0.0063482835
68,return_vol_ratio_6m,tier_4_downweighted_context,risk_drawdown,0.75,0.0062534846,0.00019525552,0.005926085,0.0064434535
69,mom_1m,tier_4_downweighted_context,other_momentum,0.9,0.0062101604,0.00077895296,0.005047569,0.0070984475
70,drawdown_1m_abs,tier_4_downweighted_context,risk_drawdown,0.75,0.0062054177,0.00019718784,0.0059010773,0.0064165234
71,recovery_from_1m_low,tier_3_standard,unclassified,1.0,0.006193891,0.00011472169,0.006027153,0.0063424297
72,ret_lag_6m_mean,tier_3_standard,unclassified,1.0,0.006186055,0.00015344645,0.005966784,0.00631027
73,volatility_1m_to_3m,tier_4_downweighted_context,risk_drawdown,0.75,0.006057434,0.00019702785,0.0058453493,0.0062902737
74,drawdown_1m,tier_4_downweighted_context,risk_drawdown,0.75,0.0060494915,0.0004134283,0.005336779,0.0064060404
75,ma5_slope_1m,tier_4_downweighted_context,trend,0.8,0.006042142,0.00026811034,0.00582003,0.0063469093
76,rel_mom_12m_vs_qqq,tier_4_downweighted_context,other_momentum,0.9,0.006037011,7.644532e-05,0.0059199757,0.006131781
77,ret_lag_1m,tier_3_standard,unclassified,1.0,0.0060351663,0.0003660823,0.005658001,0.006529276
78,up_day_volume_ratio_3m,tier_4_downweighted_context,volume_flow,0.75,0.0060145413,0.00016736476,0.005841008,0.006281003
79,down_big_move_freq_3m,tier_3_standard,volatility_frequency,1.0,0.0059940405,0.0003910654,0.005437757,0.0063912855
80,mom_6m_last3m,tier_1_core_tail,core_momentum,8.0,0.005989778,0.0002477417,0.005726568,0.0063173636
81,price_ma50_ratio,tier_4_downweighted_context,trend,0.8,0.0059845126,0.00036067818,0.005523878,0.006357897
82,ret_lag_5m,tier_3_standard,unclassified,1.0,0.005937231,0.00024619015,0.0056201844,0.0061921207
83,large_move_freq_3m,tier_3_standard,volatility_frequency,1.0,0.0059306817,0.00025938964,0.0055731935,0.006290341
84,price_ma20_ratio,tier_4_downweighted_context,trend,0.8,0.005923311,0.00026191556,0.005694528,0.0063295504
85,ma10_slope_1m,tier_4_downweighted_context,trend,0.8,0.005916695,0.0001831207,0.005774407,0.00612957
86,mom_4m_vs_6m,tier_1_core_tail,core_momentum,5.0,0.0058880937,6.795552e-05,0.0057789804,0.0059561953
87,dollar_volume_change_1m,tier_4_downweighted_context,liquidity_size,0.95,0.0058720745,0.00010769415,0.0057797376,0.0060524945
88,volume_change_1m,tier_4_downweighted_context,volume_flow,0.75,0.005870152,0.0001888258,0.005667197,0.006111148
89,price_ma100_ratio,tier_4_downweighted_context,trend,0.8,0.005857873,0.00033821433,0.0054090614,0.006290229
90,price_ma10_ratio,tier_4_downweighted_context,trend,0.8,0.005844252,0.00020068159,0.0056008217,0.006027963
91,up_big_move_freq_6m,tier_3_standard,volatility_frequency,1.0,0.0058287107,0.0002797923,0.0054112957,0.0061813737
92,up_day_dollar_volume_ratio_3m,tier_4_downweighted_context,liquidity_size,0.95,0.0058036903,0.00011436513,0.005702711,0.0059532304
93,mom_2m,tier_4_downweighted_context,other_momentum,0.9,0.005716639,0.00033864068,0.005124169,0.0059330035
94,ret_lag_2m,tier_3_standard,unclassified,1.0,0.005690599,0.00012404856,0.0055174567,0.005862523
95,drawdown_change_1m,tier_4_downweighted_context,risk_drawdown,0.75,0.0056295856,0.00015939784,0.0054488885,0.0058043664
96,core_mom_456_std,tier_1_core_tail,core_momentum,5.0,0.005556632,0.00014020603,0.0054008863,0.0057376814
97,volume_ma1_to_6m,tier_4_downweighted_context,volume_flow,0.75,0.005538091,0.00017857917,0.005356647,0.005827334
98,return_vol_ratio_1m,tier_4_downweighted_context,risk_drawdown,0.75,0.005513995,0.0003952197,0.005014099,0.006008465
99,ret_lag_3m,tier_3_standard,unclassified,1.0,0.005499782,0.00022331043,0.005150174,0.005762195
100,volume_ratio_3m,tier_4_downweighted_context,volume_flow,0.75,0.005450824,0.0002438049,0.005156019,0.0057807737
101,days_since_3m_high_norm,tier_3_standard,unclassified,1.0,0.005397888,0.00017869323,0.0051679094,0.005591308
102,volume_ma3_to_12m,tier_4_downweighted_context,volume_flow,0.75,0.005371309,0.00014732935,0.0051502343,0.0055187694
103,dollar_volume_change_3m,tier_4_downweighted_context,liquidity_size,0.95,0.0052825087,0.000121418925,0.0051923366,0.005485733
104,volume_change_3m,tier_4_downweighted_context,volume_flow,0.75,0.0052509937,0.0001736019,0.005090015,0.0055168387
105,positive_month_ratio_6m,tier_3_standard,unclassified,1.0,0.0051260963,0.00036584254,0.004790988,0.0056763636
106,return_vol_ratio_3m,tier_4_downweighted_context,risk_drawdown,0.75,0.0051194197,0.00016609665,0.004904719,0.005356977
107,up_big_move_freq_3m,tier_3_standard,volatility_frequency,1.0,0.004632679,0.00025637314,0.0043552704,0.004956813
108,trading_day_count_6m,tier_4_downweighted_context,liquidity_size,0.95,0.0028287286,0.0016494102,0.0005413486,0.004926797
109,trading_day_count_3m,tier_4_downweighted_context,liquidity_size,0.95,0.0025817945,0.0010023637,0.0012332674,0.0038036956
110,mom_3m,tier_4_downweighted_context,other_momentum,0.9,0.0,0.0,0.0,0.0
