rank,month,ticker,ensemble_score,xgb_boom_probability,five_seed_avg_score,five_seed_score_std,mom_6m,mom_3m,rel_mom_6m_vs_qqq,liquid_vol_score,avg_dollar_volume_3m,large_move_freq_3m,source_count,source_weight_sum,theme_count
1,2026-07-31,MELI,0.9539261,0.95540124,0.9524509,0.0037150022,-0.1789886565815062,-0.0163279759077575,-0.3275929905732937,0.7229857819905214,900430575.848098,0.1746031746031746,2.0,8.0,2.0
2,2026-07-31,AMD,0.9394407,0.93598723,0.9428943,0.006751451,1.1873865444588452,0.4607464853432288,1.0387822104670577,0.9645734597156398,15113608614.285084,0.6031746031746031,3.0,12.0,3.0
3,2026-07-31,COIN,0.9361739,0.9412181,0.93112975,0.007390263,-0.1502516634500769,-0.1187091017614201,-0.2988559974418644,0.9296208530805689,1715522220.538524,0.5714285714285714,2.0,7.0,2.0
4,2026-07-31,MSTR,0.9184443,0.93231845,0.9045701,0.019172953,-0.3268987233721606,-0.3909338259184717,-0.4755030573639481,0.9642180094786728,2873123199.9264307,0.7142857142857143,2.0,8.0,2.0
5,2026-07-31,SEDG,0.9159154,0.9216557,0.91017514,0.01689793,0.6924071010310529,0.2221185329489798,0.5438027670392653,0.7106635071090048,202048198.83547583,0.7142857142857143,1.0,3.0,1.0
6,2026-07-31,CVNA,0.91506386,0.91773105,0.9123966,0.0144091165,-0.1448729978093855,-0.1334007667945942,-0.2934773318011731,0.8720379146919431,851301050.7540628,0.4285714285714285,1.0,3.0,1.0
7,2026-07-31,LEU,0.8984077,0.9056927,0.8911227,0.020450871,-0.4173853471539024,-0.2314656820109254,-0.5659896811456899,0.6709715639810426,167601675.32060412,0.5238095238095238,1.0,3.0,1.0
8,2026-07-31,CEG,0.8957378,0.89564085,0.8958348,0.011842185,-0.1451374012964021,-0.2344354372658922,-0.2937417352881897,0.8355450236966824,1002519494.05939,0.2698412698412698,3.0,11.0,3.0
9,2026-07-31,FDXF,0.8946326,0.89052004,0.8987452,0.0249048,,,,0.0,,,1.0,3.0,1.0
10,2026-07-31,ANET,0.89293957,0.8949801,0.890899,0.016389066,0.1287568738021545,-0.0736494744150908,-0.019847460189633,0.9004739336492891,1491780905.8602834,0.3968253968253968,2.0,7.0,2.0
11,2026-07-31,SMCI,0.885108,0.89217675,0.87803924,0.020985441,-0.0649261854128915,-0.006569354294956,-0.213530519404679,0.9488151658767772,1645270063.3876555,0.6349206349206349,3.0,11.0,3.0
12,2026-07-31,DELL,0.8833196,0.8869466,0.8796927,0.021593258,2.456309783636876,0.8871500985084655,2.3077054496450886,0.938388625592417,2785394877.324156,0.492063492063492,3.0,11.0,3.0
13,2026-07-31,SHOP,0.87997127,0.8745039,0.88543856,0.021383835,-0.0896898348415966,-0.0137868257806649,-0.2382941688333841,0.8927725118483412,1148050562.5009446,0.365079365079365,2.0,8.0,2.0
14,2026-07-31,VST,0.87424624,0.86453044,0.883962,0.012844856,-0.0434615106624836,-0.041678025459702,-0.1920658446542711,0.7985781990521327,713341367.9478964,0.3174603174603174,1.0,3.0,1.0
15,2026-07-31,PLUG,0.8738816,0.869747,0.8780161,0.013204146,0.2452831355733584,-0.1565495180897995,0.0966788015815709,0.7328199052132701,241209035.27003437,0.4603174603174603,1.0,3.0,1.0
16,2026-07-31,INTU,0.8704056,0.86511374,0.8756975,0.017059645,-0.4464023854348972,-0.2912483755379264,-0.5950067194266847,0.8759478672985781,1619821600.2530053,0.3809523809523809,1.0,3.0,1.0
17,2026-07-31,APP,0.8642217,0.8650078,0.86343557,0.016873695,0.1140327067223947,0.1808222030949411,-0.0345716272693927,0.9466824644549764,2419188727.350677,0.5079365079365079,3.0,11.0,3.0
18,2026-07-31,CRM,0.86234146,0.8625787,0.86210424,0.007864687,-0.2135510665138392,-0.0565981243035206,-0.3621554005056268,0.8151658767772512,2653036071.820214,0.3015873015873015,2.0,8.0,2.0
19,2026-07-31,CDNS,0.86228776,0.87179595,0.8527795,0.01634133,0.2590769101496386,0.1321339203083702,0.1104725761578511,0.7612559241706162,882868163.1464398,0.2063492063492063,2.0,7.0,2.0
20,2026-07-31,ARM,0.86068887,0.85838056,0.8629972,0.01459644,1.992406956652208,0.4990490100795646,1.8438026226604205,0.9616113744075828,3155394988.1803484,0.6666666666666666,2.0,8.0,2.0
21,2026-07-31,MRVL,0.8586768,0.84461737,0.87273616,0.020843677,2.1096398142687893,0.4852558422731763,1.9610354802770016,0.9714454976303318,9951975699.434662,0.6507936507936508,3.0,11.0,3.0
22,2026-07-31,FDS,0.8580266,0.8566451,0.8594082,0.009694251,-0.0068915730923261,0.1042720975721764,-0.1554959070841136,0.6386255924170616,220902092.34069335,0.3174603174603174,1.0,3.0,1.0
23,2026-07-31,RCL,0.85394573,0.8448316,0.8630599,0.01356725,-0.0777052723071479,0.1291942854790233,-0.2263096062989354,0.8341232227488152,783705664.2498441,0.3015873015873015,1.0,3.0,1.0
24,2026-07-31,MPWR,0.8492927,0.8524199,0.8461655,0.016647795,0.1499398473954576,-0.2008687099482335,0.0013355134036701,0.8957345971563981,1218344707.8599718,0.5079365079365079,3.0,11.0,3.0
25,2026-07-31,TER,0.8409974,0.83881223,0.84318256,0.017751612,0.5323948112653818,0.0749974934616681,0.3837904772735943,0.9385071090047392,1649908459.8316011,0.5396825396825397,3.0,11.0,3.0
26,2026-07-31,ASML,0.83671486,0.8397645,0.83366525,0.027836885,0.2477324471905795,0.2295568129705232,0.099128113198792,0.9106635071090048,3135905115.222943,0.3968253968253968,2.0,8.0,2.0
27,2026-07-31,UUUU,0.83667105,0.8259036,0.8474385,0.026201101,-0.3845811011164194,-0.3618299071568941,-0.5331854351082069,0.6997630331753555,192417824.20323992,0.5555555555555556,1.0,3.0,1.0
28,2026-07-31,CSGP,0.8364376,0.8579016,0.81497353,0.026966836,-0.5121951219512195,-0.1331985128302121,-0.660799455943007,0.6022511848341232,250726241.80016896,0.2857142857142857,2.0,7.0,2.0
29,2026-07-31,DDOG,0.83616245,0.84564394,0.82668096,0.018189784,1.013300112942407,0.9695890804372148,0.8646957789506196,0.8970379146919432,1122947423.4722078,0.3015873015873015,3.0,11.0,3.0
30,2026-07-31,MDB,0.8242487,0.84919465,0.7993027,0.041423347,-0.044300170426047,0.4148227974811409,-0.1929045044178345,0.8561611374407583,649147434.1085767,0.4603174603174603,2.0,8.0,2.0
