index,feature,tier,feature_group,feature_weight
1,rel_mom_12m_vs_qqq,tier_2_tail_context,other_momentum,1.1
2,mom_12m,tier_2_tail_context,other_momentum,1.1
3,up_day_volume_ratio_3m,tier_4_downweighted_context,volume_flow,0.95
4,up_day_dollar_volume_ratio_3m,tier_2_tail_context,liquidity_size,1.1
5,mom_9m,tier_2_tail_context,other_momentum,1.1
6,mom_7m,tier_2_tail_context,other_momentum,1.1
7,mom_6m,tier_1_core_tail,core_momentum,1.6
8,mom_4m_vs_6m,tier_1_core_tail,core_momentum,1.6
9,mom_5m_vs_6m,tier_1_core_tail,core_momentum,1.6
10,mom_6m_first3m,tier_1_core_tail,core_momentum,1.6
11,mom_6m_acceleration,tier_1_core_tail,core_momentum,1.6
12,ret_lag_6m,tier_3_standard,unclassified,1.0
13,rel_mom_6m_vs_qqq,tier_1_core_tail,core_momentum,1.6
14,mom_3m_vs_6m,tier_2_tail_context,other_momentum,1.1
15,return_vol_ratio_6m,tier_4_downweighted_context,risk_drawdown,0.95
16,drawdown_12m,tier_4_downweighted_context,risk_drawdown,0.95
17,drawdown_12m_abs,tier_4_downweighted_context,risk_drawdown,0.95
18,ma100_slope_1m,tier_3_standard,trend,1.0
19,mom_5m,tier_1_core_tail,core_momentum,1.6
20,core_mom_456_std,tier_1_core_tail,core_momentum,1.6
21,ret_lag_5m,tier_3_standard,unclassified,1.0
22,volume_ma3_to_12m,tier_4_downweighted_context,volume_flow,0.95
23,price_ma100_ratio,tier_3_standard,trend,1.0
24,volume_change_3m,tier_4_downweighted_context,volume_flow,0.95
25,dollar_volume_change_3m,tier_2_tail_context,liquidity_size,1.1
26,drawdown_change_3m,tier_4_downweighted_context,risk_drawdown,0.95
27,mom_4m,tier_1_core_tail,core_momentum,1.6
28,core_mom_456_avg,tier_1_core_tail,core_momentum,1.6
29,core_mom_456_min,tier_1_core_tail,core_momentum,1.6
30,core_mom_456_max,tier_1_core_tail,core_momentum,1.6
31,ret_lag_4m,tier_3_standard,unclassified,1.0
32,ma50_slope_1m,tier_3_standard,trend,1.0
33,mom_6m_last3m,tier_1_core_tail,core_momentum,1.6
34,ret_lag_3m,tier_3_standard,unclassified,1.0
35,rel_mom_3m_vs_qqq,tier_2_tail_context,other_momentum,1.1
36,mom_3m,tier_2_tail_context,other_momentum,1.1
37,volatility_6m,tier_4_downweighted_context,risk_drawdown,0.95
38,return_vol_ratio_3m,tier_4_downweighted_context,risk_drawdown,0.95
39,volatility_1m_to_6m,tier_4_downweighted_context,risk_drawdown,0.95
40,volatility_3m_to_6m,tier_4_downweighted_context,risk_drawdown,0.95
41,avg_abs_daily_return_6m,tier_1_core_tail,volatility_frequency,1.2
42,drawdown_6m,tier_4_downweighted_context,risk_drawdown,0.95
43,drawdown_6m_abs,tier_4_downweighted_context,risk_drawdown,0.95
44,recovery_from_6m_low,tier_3_standard,unclassified,1.0
45,avg_dollar_volume_6m,tier_2_tail_context,liquidity_size,1.1
46,dollar_volume_3m_to_6m,tier_2_tail_context,liquidity_size,1.1
47,large_move_freq_6m,tier_1_core_tail,volatility_frequency,1.2
48,up_big_move_freq_6m,tier_1_core_tail,volatility_frequency,1.2
49,down_big_move_freq_6m,tier_1_core_tail,volatility_frequency,1.2
50,intraday_range_mean_6m,tier_1_core_tail,volatility_frequency,1.2
51,volume_change_1m,tier_4_downweighted_context,volume_flow,0.95
52,dollar_volume_change_1m,tier_2_tail_context,liquidity_size,1.1
53,drawdown_change_1m,tier_4_downweighted_context,risk_drawdown,0.95
54,ma30_slope_1m,tier_3_standard,trend,1.0
55,price_ma50_ratio,tier_3_standard,trend,1.0
56,atr_14_to_100d,tier_3_standard,unclassified,1.0
57,volume_ma1_to_6m,tier_4_downweighted_context,volume_flow,0.95
58,ret_lag_2m,tier_3_standard,unclassified,1.0
59,ret_lag_6m_std,tier_3_standard,unclassified,1.0
60,mom_2m,tier_2_tail_context,other_momentum,1.1
61,ma20_slope_1m,tier_3_standard,trend,1.0
62,volume_ratio_3m,tier_4_downweighted_context,volume_flow,0.95
63,volatility_3m,tier_4_downweighted_context,risk_drawdown,0.95
64,volatility_1m_to_3m,tier_4_downweighted_context,risk_drawdown,0.95
65,avg_abs_daily_return_3m,tier_1_core_tail,volatility_frequency,1.2
66,ma10_slope_1m,tier_3_standard,trend,1.0
67,drawdown_3m,tier_4_downweighted_context,risk_drawdown,0.95
68,drawdown_3m_abs,tier_4_downweighted_context,risk_drawdown,0.95
69,recovery_from_3m_low,tier_3_standard,unclassified,1.0
70,days_since_3m_high_norm,tier_3_standard,unclassified,1.0
71,days_since_3m_low_norm,tier_3_standard,unclassified,1.0
72,avg_dollar_volume_3m,tier_2_tail_context,liquidity_size,1.1
73,log_avg_dollar_volume_3m,tier_2_tail_context,liquidity_size,1.1
74,large_move_freq_3m,tier_1_core_tail,volatility_frequency,1.2
75,up_big_move_freq_3m,tier_1_core_tail,volatility_frequency,1.2
76,down_big_move_freq_3m,tier_1_core_tail,volatility_frequency,1.2
77,intraday_range_mean_3m,tier_1_core_tail,volatility_frequency,1.2
78,price_ma30_ratio,tier_3_standard,trend,1.0
79,ma5_slope_1m,tier_3_standard,trend,1.0
80,return_vol_ratio_1m,tier_4_downweighted_context,risk_drawdown,0.95
81,ret_lag_1m,tier_3_standard,unclassified,1.0
82,positive_month_ratio_6m,tier_3_standard,unclassified,1.0
83,ret_lag_6m_mean,tier_3_standard,unclassified,1.0
84,ret_lag_6m_min,tier_3_standard,unclassified,1.0
85,ret_lag_6m_max,tier_3_standard,unclassified,1.0
86,rel_mom_1m_vs_qqq,tier_2_tail_context,other_momentum,1.1
87,mom_1m,tier_2_tail_context,other_momentum,1.1
88,price_ma20_ratio,tier_3_standard,trend,1.0
89,volatility_1m,tier_4_downweighted_context,risk_drawdown,0.95
90,avg_abs_daily_return_1m,tier_1_core_tail,volatility_frequency,1.2
91,drawdown_1m,tier_4_downweighted_context,risk_drawdown,0.95
92,drawdown_1m_abs,tier_4_downweighted_context,risk_drawdown,0.95
93,recovery_from_1m_low,tier_3_standard,unclassified,1.0
94,avg_dollar_volume_1m,tier_2_tail_context,liquidity_size,1.1
95,price_ma10_ratio,tier_3_standard,trend,1.0
96,atr_14_to_price,tier_3_standard,unclassified,1.0
97,price_ma5_ratio,tier_3_standard,trend,1.0
98,qqq_mom_1m,tier_2_tail_context,other_momentum,1.1
99,qqq_mom_3m,tier_2_tail_context,other_momentum,1.1
100,qqq_mom_6m,tier_1_core_tail,core_momentum,1.6
101,qqq_mom_12m,tier_2_tail_context,other_momentum,1.1
102,source_count,tier_4_downweighted_context,etf_source,0.85
103,source_weight_sum,tier_4_downweighted_context,etf_source,0.85
104,theme_count,tier_4_downweighted_context,etf_source,0.85
105,in_core_growth,tier_4_downweighted_context,etf_source,0.85
106,in_large_cap_core,tier_4_downweighted_context,etf_source,0.85
107,in_manual_core,tier_4_downweighted_context,etf_source,0.85
108,trading_day_count_3m,tier_2_tail_context,liquidity_size,1.1
109,trading_day_count_6m,tier_2_tail_context,liquidity_size,1.1
110,liquid_vol_score,tier_2_tail_context,liquidity_size,1.1
