month,selected_tickers,avg_score,return_1m,future_max_return_1_3m,boom_hit_rate
2025-07-31,"SEDG, LEU, ENPH",0.9593672,0.13985329938334026,0.4376313208471589,0.6666666666666666
2025-08-31,"ALAB, SEDG, UUUU",0.9729884,0.1655083842386869,0.31429730177355336,0.3333333333333333
2025-09-30,"SEDG, LEU, ENPH",0.9587913,-0.001475491083836239,0.026002499513738064,0.0
2025-10-31,"LEU, SEDG, TSLA",0.9559975,-0.10370315804784962,-0.07221245609804021,0.0
2025-11-30,"Q, ALAB, LEU",0.9757263,-0.00036548059320876586,0.23106206806391796,0.3333333333333333
2025-12-31,"SEDG, LEU, COHR",0.97575665,0.12289951135746942,0.43956566726076735,0.6666666666666666
2026-01-31,"SEDG, RKLB, MSTR",0.97758764,-0.042739728512529634,0.2616814668314556,0.3333333333333333
2026-02-28,"LEU, RKLB, MSTR",0.9745483,-0.08335397321770582,0.4651107199007593,0.3333333333333333
2026-03-31,"ALAB, LEU, MSTR",0.9700026,0.4392744771314032,1.0224861473764368,0.3333333333333333
2026-04-30,"ALAB, SEDG, ENPH",0.9754148,0.871987631961407,0.9467026240281271,1.0
2026-05-31,"ALAB, ENPH, COIN",0.9656902,-0.13118601124167584,-0.13118601124167584,0.0
2026-06-30,"FDXF, AMD, RKLB",0.9700244,,,0.0
