strategy,months,total_return_1m_rebalanced,annualized_return_1m_rebalanced,avg_monthly_return_1m,avg_future_max_return_1_3m,avg_boom_hit_rate
baseline_mom_5m,32,10.299114404756162,1.482513690610129,0.09634795040441631,0.38986165963282327,0.44791666666666663
baseline_core_mom_456_avg,32,9.252199281628325,1.3936265300632966,0.09060833254213005,0.37961034847871,0.42708333333333326
baseline_mom_6m,32,9.187925093622912,1.3879880748922786,0.0938181027766345,0.40312481425553015,0.4895833333333333
baseline_rel_mom_6m_vs_qqq,32,9.187925093622912,1.3879880748922786,0.0938181027766345,0.40312481425553015,0.4895833333333333
baseline_mom_3m,32,7.743420141099687,1.2549167123248415,0.08431534688614645,0.36160385856363597,0.3958333333333333
baseline_mom_4m,32,7.53465878724643,1.2345743589805167,0.08335329675468488,0.36209117429820015,0.4375
baseline_return_vol_ratio_6m,32,4.532313669569126,0.8992846065920015,0.06716405192715519,0.3064958745279922,0.32291666666666663
xgb_boom_probability,32,2.903211841859882,0.6664154981091992,0.05925065272214416,0.2571788609304766,0.3125
baseline_mom_6m_acceleration,32,2.4298475667192365,0.5875523571539314,0.04929878272239925,0.2667425465949212,0.3020833333333333
