boosting_round,dataset,prauc,auc,precision_at_top3,top3_hit30_rate,top3_hit50_rate,monthly_any_top3_hit50_rate,top3_avg_future_return_1m,top3_avg_future_max_return_1_3m
100,train,0.32214660662879474,0.9011883059629991,0.4351851851851852,0.4351851851851852,0.3055555555555556,0.6527777777777778,0.06078511836413384,0.34989130906911353
100,validation,0.21065223215740742,0.820093431275632,0.3333333333333333,0.3333333333333333,0.20833333333333334,0.5,0.036707582129957034,0.23707622342453963
100,test,0.3030819178282001,0.8515586645990777,0.48484848484848486,0.494949494949495,0.37373737373737376,0.6666666666666666,0.13423874408730038,0.48190171004768434
200,train,0.3544805547030229,0.9124133105090164,0.44907407407407407,0.4537037037037037,0.3425925925925926,0.6527777777777778,0.07468837509890616,0.3767005762831005
200,validation,0.2156478730299667,0.8243171804965005,0.3333333333333333,0.3333333333333333,0.19444444444444445,0.5,0.03650810411927139,0.2430558324262685
200,test,0.29541659004314835,0.8518398835181186,0.3838383838383838,0.3939393939393939,0.29292929292929293,0.5151515151515151,0.10981697092561109,0.39468382765186627
300,train,0.387487514437513,0.9212660103847841,0.5092592592592593,0.5092592592592593,0.38425925925925924,0.7222222222222222,0.09991870280931733,0.42634954067009345
300,validation,0.2195727523093322,0.8261196666706367,0.3333333333333333,0.3472222222222222,0.19444444444444445,0.5,0.029186366153709967,0.24308667921919802
300,test,0.2955361254310098,0.851881864236705,0.3939393939393939,0.3939393939393939,0.2828282828282828,0.5454545454545454,0.07369424600102852,0.3955994736871385
400,train,0.4149960830251288,0.9291343733907481,0.5509259259259259,0.5509259259259259,0.4074074074074074,0.75,0.10776413978605334,0.4528202420856186
400,validation,0.2195771980717015,0.8279632805707412,0.3194444444444444,0.3333333333333333,0.1527777777777778,0.4166666666666667,0.012564703858000773,0.2081137721833652
400,test,0.2969280182065888,0.8515967121859291,0.42424242424242425,0.42424242424242425,0.3434343434343434,0.6363636363636364,0.17577828802263218,0.5645267508637332
500,train,0.4423380446900822,0.9362876650891859,0.5648148148148148,0.5648148148148148,0.4212962962962963,0.7777777777777778,0.11229789777817942,0.45793103942014207
500,validation,0.2236688167516635,0.8282349840997606,0.3333333333333333,0.3333333333333333,0.18055555555555555,0.4583333333333333,0.002510783467008726,0.21885133922599012
500,test,0.29419166751259346,0.8512731847873238,0.43434343434343436,0.43434343434343436,0.3434343434343434,0.6363636363636364,0.17376430864647363,0.5559659760056097
600,train,0.467474646739311,0.9429248883360659,0.5787037037037037,0.5787037037037037,0.41203703703703703,0.7361111111111112,0.10922995096112793,0.46088770874226337
600,validation,0.2254501250952849,0.8283194727313872,0.3055555555555556,0.3194444444444444,0.1388888888888889,0.375,0.00337136524766384,0.18273983454953327
600,test,0.2939406074191148,0.8505754362921975,0.43434343434343436,0.43434343434343436,0.3434343434343434,0.6363636363636364,0.13768187532209605,0.6226869696198181
700,train,0.4935655637271206,0.9489568896227035,0.6111111111111112,0.6111111111111112,0.4351851851851852,0.7777777777777778,0.12102185759124232,0.4896306199073908
700,validation,0.22875029355151763,0.829248971744818,0.2777777777777778,0.2916666666666667,0.125,0.375,-0.012147647656266207,0.15572659733967073
700,test,0.2892098707313913,0.849854225573736,0.3939393939393939,0.3939393939393939,0.32323232323232326,0.6060606060606061,0.14359767510000007,0.605619242009272
800,train,0.5162712326748055,0.9539863986222892,0.6296296296296297,0.6296296296296297,0.44907407407407407,0.7777777777777778,0.1258484153020339,0.5116707706393357
800,validation,0.2294651480464501,0.8292999626810861,0.2638888888888889,0.2638888888888889,0.125,0.375,-0.022334357342487343,0.1531274272961718
800,test,0.2884963789967852,0.8497145174569047,0.40404040404040403,0.40404040404040403,0.3333333333333333,0.6060606060606061,0.14576071941436206,0.6174571920388994
900,train,0.540348700470129,0.9587712535852413,0.6481481481481481,0.6481481481481481,0.4583333333333333,0.8055555555555556,0.13425541061554608,0.5092627951059066
900,validation,0.23122410285793746,0.8294837657761739,0.25,0.2638888888888889,0.1111111111111111,0.3333333333333333,-0.02303502237088745,0.14265024339760257
900,test,0.28638948303773465,0.8492873629624522,0.40404040404040403,0.40404040404040403,0.31313131313131315,0.6060606060606061,0.1551490818033148,0.5912949193143101
1000,train,0.5649006781393687,0.9628911962366618,0.6805555555555556,0.6805555555555556,0.4675925925925926,0.8055555555555556,0.1415340938613829,0.5215996581723621
1000,validation,0.23133412626651145,0.8288930277152489,0.2361111111111111,0.25,0.08333333333333333,0.25,-0.031899245681795425,0.11468546954760243
1000,test,0.28608596144191295,0.8485914171527045,0.43434343434343436,0.43434343434343436,0.36363636363636365,0.6363636363636364,0.17120319560187092,0.6270241294690679
1100,train,0.5883462056184113,0.9668235392768243,0.7083333333333334,0.7083333333333334,0.49074074074074076,0.8333333333333334,0.14675158070031216,0.5368778616342498
1100,validation,0.23062823005377217,0.8289237959687632,0.25,0.2638888888888889,0.08333333333333333,0.25,-0.021548555631219574,0.13164089031997134
1100,test,0.28494722188797406,0.8478494209255609,0.3838383838383838,0.3838383838383838,0.3333333333333333,0.6363636363636364,0.15063608562809802,0.571166191238631
1200,train,0.6132366243383875,0.9704054760787815,0.7361111111111112,0.7361111111111112,0.5092592592592593,0.8611111111111112,0.15214606500074182,0.5542497654025142
1200,validation,0.23023906033135982,0.8283106640781633,0.25,0.2638888888888889,0.08333333333333333,0.25,-0.019424685305067368,0.12842272325014636
1200,test,0.28414960100251674,0.8468597739661968,0.4444444444444444,0.4444444444444444,0.36363636363636365,0.6363636363636364,0.17339535136508719,0.5896836972404358
1300,train,0.6382647231133085,0.9736448666679909,0.7638888888888888,0.7638888888888888,0.5231481481481481,0.8611111111111112,0.16806636638020453,0.5652003468024023
1300,validation,0.2291601205006673,0.8279924359722571,0.2361111111111111,0.25,0.08333333333333333,0.25,-0.0247741781009857,0.11248004111275114
1300,test,0.283727235465348,0.846151591746607,0.4444444444444444,0.4444444444444444,0.37373737373737376,0.6363636363636364,0.16654741913785792,0.5908865362904013
1400,train,0.6622326797684738,0.9765450537041253,0.7870370370370371,0.7870370370370371,0.5370370370370371,0.875,0.16322579232669732,0.5688000714227063
1400,validation,0.22827669519237329,0.8274717329077388,0.2916666666666667,0.3055555555555556,0.1111111111111111,0.3333333333333333,-0.014553908475440254,0.1673957054430152
1400,test,0.2825064731194232,0.8456527122248235,0.45454545454545453,0.45454545454545453,0.37373737373737376,0.6363636363636364,0.16772400335726903,0.5960805635340196
1500,train,0.6867770653182229,0.9791768538199531,0.8101851851851852,0.8101851851851852,0.5324074074074074,0.875,0.17628227953250114,0.5776413467161197
1500,validation,0.2286797691446417,0.8267094742400241,0.2916666666666667,0.2916666666666667,0.125,0.375,-0.004354812634435811,0.17496776364480723
1500,test,0.28266662388649144,0.8448786227352605,0.45454545454545453,0.45454545454545453,0.37373737373737376,0.6363636363636364,0.16771572952876293,0.5959809155225023
1600,train,0.7115244598642889,0.9816183419949602,0.8333333333333334,0.8333333333333334,0.5509259259259259,0.8888888888888888,0.18432725754796914,0.6001645092719996
1600,validation,0.22887401001182237,0.8259750062529032,0.2777777777777778,0.2916666666666667,0.125,0.375,-0.006175925403715631,0.16916895779294683
1600,test,0.28215341115697934,0.8440830649016446,0.43434343434343436,0.43434343434343436,0.35353535353535354,0.6363636363636364,0.1541788450643136,0.5652691236976518
1700,train,0.7325353922205474,0.9836122002875833,0.8472222222222222,0.8472222222222222,0.5509259259259259,0.9027777777777778,0.1876249503072956,0.6014873580472303
1700,validation,0.2276773755977762,0.8251864456910549,0.2638888888888889,0.2638888888888889,0.1111111111111111,0.3333333333333333,-0.01691199161963101,0.14381238428615928
1700,test,0.28103220862004574,0.843477745002287,0.41414141414141414,0.41414141414141414,0.3333333333333333,0.6060606060606061,0.14330739689544045,0.5464844166887824
1800,train,0.7557756806039782,0.9855426340005409,0.8796296296296297,0.8796296296296297,0.5648148148148148,0.8888888888888888,0.18892547421167497,0.6244812932206059
1800,validation,0.22694009377593366,0.8246769085249898,0.2777777777777778,0.2777777777777778,0.125,0.375,-0.007379111398148696,0.16271758760503308
1800,test,0.2804781448661224,0.8425220486175508,0.43434343434343436,0.43434343434343436,0.35353535353535354,0.6060606060606061,0.15147080419054917,0.5708407551008606
1900,train,0.7773630087683955,0.9873349299149322,0.8842592592592593,0.8842592592592593,0.5787037037037037,0.9166666666666666,0.19631347957092285,0.6359001391716025
1900,validation,0.22636676139407894,0.8239454181107897,0.25,0.25,0.1111111111111111,0.3333333333333333,-0.014755267032188595,0.1443586491561803
1900,test,0.2790511924440735,0.8417094198996692,0.4444444444444444,0.4444444444444444,0.37373737373737376,0.6363636363636364,0.17993550349364695,0.5918335446067977
2000,train,0.7992342323571602,0.9889363122097615,0.8888888888888888,0.8888888888888888,0.5879629629629629,0.9166666666666666,0.20375040617358586,0.6460147424978656
2000,validation,0.22573470651538138,0.8231329749328061,0.2638888888888889,0.2638888888888889,0.125,0.375,-0.012821591446495924,0.15895865721404562
2000,test,0.27781284247145693,0.8405656706538607,0.42424242424242425,0.42424242424242425,0.35353535353535354,0.6363636363636364,0.125493914666259,0.5450002939781465
2100,train,0.8164213104356735,0.9902066756924844,0.9074074074074074,0.9074074074074074,0.6018518518518519,0.9166666666666666,0.2127078254071868,0.6593856515594637
2100,validation,0.22645612927040668,0.8227541408114085,0.25,0.25,0.1111111111111111,0.3333333333333333,-0.012759088606680874,0.1464934389873311
2100,test,0.27639694200257536,0.8399556801605679,0.41414141414141414,0.41414141414141414,0.3434343434343434,0.6060606060606061,0.1667184948960111,0.5692271098313451
2200,train,0.8332918847369088,0.9913687943045664,0.9120370370370371,0.9120370370370371,0.5972222222222222,0.9027777777777778,0.21079993648761863,0.6581649775095703
2200,validation,0.22671562221770883,0.8220623513694849,0.25,0.25,0.1111111111111111,0.3333333333333333,-0.016105398408865133,0.14694530535014233
2200,test,0.27439909487402664,0.8390478095651908,0.41414141414141414,0.41414141414141414,0.3434343434343434,0.6060606060606061,0.1653316945814516,0.561699779591624
2300,train,0.8504282636370708,0.9924724832255788,0.9212962962962963,0.9212962962962963,0.6018518518518519,0.9027777777777778,0.211073446658081,0.6642799337012876
2300,validation,0.2265144910289832,0.8216953034742319,0.2777777777777778,0.2777777777777778,0.125,0.375,-0.013392386851342815,0.15142776292596624
2300,test,0.27355313474627363,0.8382546826254943,0.41414141414141414,0.41414141414141414,0.3434343434343434,0.6060606060606061,0.16135417755708825,0.5517732186656565
2400,train,0.8647275920575449,0.9933585745523892,0.9305555555555556,0.9305555555555556,0.6111111111111112,0.9166666666666666,0.21102418158415734,0.6647287920795656
2400,validation,0.22656187459150678,0.8212116339729161,0.2777777777777778,0.2777777777777778,0.125,0.375,-0.017362940755347667,0.14693233412545958
2400,test,0.27360145879423614,0.8375911305257291,0.41414141414141414,0.41414141414141414,0.3434343434343434,0.6060606060606061,0.16193053731379273,0.5414240024083216
2500,train,0.8787088801287095,0.9941962450662342,0.9351851851851852,0.9351851851851852,0.6111111111111112,0.9166666666666666,0.21032945794471494,0.6667684093963026
2500,validation,0.22573341039855915,0.8205993705410846,0.2777777777777778,0.2777777777777778,0.1111111111111111,0.3333333333333333,-0.01365893533556232,0.13956486302691687
2500,test,0.2709923655231341,0.8368133810385795,0.41414141414141414,0.41414141414141414,0.3434343434343434,0.6060606060606061,0.16392109034601068,0.563061957944557
2600,train,0.8919501092572263,0.9949286886535996,0.9398148148148148,0.9398148148148148,0.6111111111111112,0.9166666666666666,0.21561995449348254,0.6749700089196766
2600,validation,0.22579104786606963,0.8201836269220234,0.2916666666666667,0.2916666666666667,0.1111111111111111,0.3333333333333333,-0.012024554162416039,0.14754333518985485
2600,test,0.2695678403429292,0.8361671729572283,0.40404040404040403,0.40404040404040403,0.35353535353535354,0.6363636363636364,0.15822214940725135,0.5571881135281371
2700,train,0.9033920020152889,0.9955713197508018,0.9490740740740741,0.9490740740740741,0.6111111111111112,0.9166666666666666,0.21190489402170803,0.673655019655768
2700,validation,0.22553192390119955,0.8197486531445155,0.2916666666666667,0.2916666666666667,0.09722222222222222,0.2916666666666667,-0.022260271298548417,0.13551164208715857
2700,test,0.2688961139440811,0.8356139124265275,0.40404040404040403,0.40404040404040403,0.35353535353535354,0.6363636363636364,0.16213912185774326,0.5611050859786291
2800,train,0.9135503751231939,0.9961003004191505,0.9490740740740741,0.9490740740740741,0.6157407407407407,0.9305555555555556,0.22017369495610134,0.6790410555706522
2800,validation,0.2252414076329456,0.8192491032542887,0.3055555555555556,0.3055555555555556,0.09722222222222222,0.2916666666666667,-0.016438513047905123,0.13604921280420162
2800,test,0.2675615481658772,0.8348498196467904,0.3939393939393939,0.3939393939393939,0.3434343434343434,0.6060606060606061,0.1638822608944923,0.5312802502793564
2900,train,0.9229775041779889,0.9965997415264531,0.9629629629629629,0.9629629629629629,0.625,0.9305555555555556,0.22107061285822666,0.6851560902702576
2900,validation,0.22501738273112878,0.8187124577680905,0.3055555555555556,0.3055555555555556,0.09722222222222222,0.2916666666666667,-0.01643851304790513,0.13604921280420162
2900,test,0.266373683241476,0.8343494378871916,0.3838383838383838,0.3838383838383838,0.32323232323232326,0.5757575757575758,0.137909329107328,0.43619131002667494
3000,train,0.9317728777121773,0.9970338957151303,0.9675925925925926,0.9675925925925926,0.625,0.9444444444444444,0.22451149746634508,0.6867288347143798
3000,validation,0.223942254217822,0.8180444268767643,0.3055555555555556,0.3055555555555556,0.09722222222222222,0.2916666666666667,-0.01643851304790513,0.13604921280420165
3000,test,0.26480804372467864,0.8335246546997127,0.41414141414141414,0.41414141414141414,0.35353535353535354,0.6363636363636364,0.16326261554672136,0.5594338424190101
3100,train,0.9395777060035713,0.9974144909454035,0.9675925925925926,0.9675925925925926,0.6203703703703703,0.9305555555555556,0.21877610122606703,0.6853827983821313
3100,validation,0.2234551798792978,0.8177936283909594,0.3055555555555556,0.3055555555555556,0.09722222222222222,0.2916666666666667,-0.01643851304790513,0.13604921280420165
3100,test,0.2642001063836255,0.832931052255315,0.3939393939393939,0.3939393939393939,0.3434343434343434,0.6363636363636364,0.13420749947683072,0.4504469665242024
3200,train,0.9467800628597841,0.9977592337630784,0.9675925925925926,0.9675925925925926,0.6342592592592593,0.9444444444444444,0.22567810896546517,0.6940372031456001
3200,validation,0.22338421778993067,0.8174209355137108,0.3055555555555556,0.3055555555555556,0.09722222222222222,0.2916666666666667,-0.009141910701062751,0.1501477727657494
3200,test,0.2624225372039288,0.832189001401342,0.3939393939393939,0.3939393939393939,0.3434343434343434,0.6060606060606061,0.1342827619806396,0.4685536133886235
3300,train,0.9531901055551919,0.9980509142460716,0.9675925925925926,0.9675925925925926,0.6388888888888888,0.9444444444444444,0.22329670968037296,0.6894115935529981
3300,validation,0.2225777164273788,0.8169750439688268,0.3055555555555556,0.3055555555555556,0.09722222222222222,0.2916666666666667,-0.01097777394261528,0.14357896352076016
3300,test,0.2614835117492492,0.8317232530517416,0.3838383838383838,0.3838383838383838,0.3333333333333333,0.5757575757575758,0.13373997314770264,0.4187070083760777
3400,train,0.9590207972214841,0.9983134085348989,0.9722222222222222,0.9722222222222222,0.625,0.9305555555555556,0.2221150266775345,0.6845953186810341
3400,validation,0.22257065768538134,0.8163289106450218,0.3055555555555556,0.3055555555555556,0.09722222222222222,0.2916666666666667,-0.009141910701062758,0.1501477727657494
3400,test,0.2607121136455661,0.831114928676753,0.37373737373737376,0.37373737373737376,0.32323232323232326,0.5757575757575758,0.13120036514667596,0.4117495914819831
3500,train,0.9644234004877739,0.99855051771113,0.9722222222222222,0.9722222222222222,0.6296296296296297,0.9305555555555556,0.22205417002085,0.6862797622899722
3500,validation,0.2224243307265926,0.8160224687652601,0.3055555555555556,0.3055555555555556,0.09722222222222222,0.2916666666666667,-0.01097777394261528,0.14357896352076016
3500,test,0.25911277778768865,0.8302768438562543,0.3838383838383838,0.3838383838383838,0.3333333333333333,0.5757575757575758,0.1326475554670767,0.4285401667094913
3600,train,0.9688679197738026,0.9987453183663677,0.9722222222222222,0.9722222222222222,0.6388888888888888,0.9305555555555556,0.22245642472840246,0.6946829332954602
3600,validation,0.22240195095466855,0.8158104407601943,0.3055555555555556,0.3055555555555556,0.09722222222222222,0.2916666666666667,-0.007330246084726742,0.14900587634984924
3600,test,0.2579013617082399,0.8297374585402848,0.3939393939393939,0.3939393939393939,0.3434343434343434,0.5757575757575758,0.13256307695741498,0.4499318280800173
3700,train,0.9728513982997211,0.9989114390016183,0.9722222222222222,0.9722222222222222,0.6435185185185185,0.9444444444444444,0.21884050518422035,0.6894313672032167
3700,validation,0.22245498597495056,0.815448417519245,0.3055555555555556,0.3194444444444444,0.09722222222222222,0.2916666666666667,-0.007464972207809111,0.15004669425807585
3700,test,0.25717891268619586,0.8292047376975327,0.3939393939393939,0.40404040404040403,0.35353535353535354,0.5454545454545454,0.1198387429589345,0.3913362687416176
3800,train,0.9763488571700705,0.9990568160459888,0.9722222222222222,0.9722222222222222,0.6527777777777778,0.9444444444444444,0.2245059582812342,0.691746268324875
3800,validation,0.2223653745526218,0.8151315541342609,0.3055555555555556,0.3055555555555556,0.09722222222222222,0.2916666666666667,-0.007330246084726735,0.14900587634984924
3800,test,0.2567203255694166,0.8284454793922198,0.40404040404040403,0.41414141414141414,0.35353535353535354,0.5757575757575758,0.13619101132993852,0.46036945832085147
3900,train,0.9791553888438911,0.9991723574651713,0.9768518518518519,0.9768518518518519,0.6666666666666666,0.9444444444444444,0.22927939560728106,0.7022805261153311
3900,validation,0.22221370098315626,0.8147687865000813,0.3055555555555556,0.3055555555555556,0.09722222222222222,0.2916666666666667,-0.006747603520219041,0.14857877578475276
3900,test,0.2561800860739776,0.8279112563116522,0.40404040404040403,0.40404040404040403,0.35353535353535354,0.5454545454545454,0.11619665023582897,0.41490249618734154
4000,train,0.9818649537640518,0.9992817388401009,0.9768518518518519,0.9768518518518519,0.6712962962962963,0.9444444444444444,0.23330837188359663,0.6997945301993002
4000,validation,0.22229800368450833,0.8146648195789316,0.3055555555555556,0.3055555555555556,0.09722222222222222,0.2916666666666667,-0.008173055554629204,0.14570183014243915
4000,test,0.25562338567764187,0.8275891218972029,0.41414141414141414,0.41414141414141414,0.36363636363636365,0.5757575757575758,0.13674305893875502,0.4883184010383079
